Date,Impressions,Likes,Engagements,Bookmarks,Shares,New follows,Unfollows,Replies,Reposts,Profile visits,Create Post,Video views,Media views
"Wed, Sep 2, 2026",0,0,0,0,0,182,11,0,0,0,0,0,0
"Tue, Sep 1, 2026",4332,86,147,6,1,12,9,17,22,15,3,0,0
"Mon, Aug 31, 2026",3093,61,87,0,0,17,12,13,4,9,1,0,0
"Sun, Aug 30, 2026",2757,18,32,3,0,10,9,4,1,6,0,0,0
"Sat, Aug 29, 2026",7865,50,83,8,0,9,15,4,6,15,1,0,0
"Fri, Aug 28, 2026",22572,164,250,13,0,34,8,21,16,36,1,0,0
"Thu, Aug 27, 2026",28840,332,586,7,0,48,10,84,81,82,2,0,0
"Wed, Aug 26, 2026",14989,171,311,5,0,31,21,66,15,54,3,0,0
"Tue, Aug 25, 2026",17314,219,450,6,1,27,18,82,27,115,4,0,0
"Mon, Aug 24, 2026",13450,221,328,12,0,22,14,26,19,50,2,0,0
"Sun, Aug 23, 2026",10559,187,278,8,1,28,16,24,8,50,1,0,0
"Sat, Aug 22, 2026",18550,179,308,26,0,27,10,36,15,52,1,0,0
"Fri, Aug 21, 2026",31682,410,716,48,5,50,17,58,34,161,3,0,0
"Thu, Aug 20, 2026",6128,146,212,5,1,12,8,30,8,22,2,0,0
"Wed, Aug 19, 2026",4861,84,134,6,0,15,7,18,10,16,1,0,0
"Tue, Aug 18, 2026",5982,83,150,7,0,19,5,14,24,22,1,0,0
"Mon, Aug 17, 2026",8600,87,166,11,0,66,7,17,11,40,2,0,0
"Sun, Aug 16, 2026",2228,27,52,0,0,9,9,6,3,16,0,0,0
"Sat, Aug 15, 2026",4677,89,117,0,0,10,9,11,6,11,0,0,0
"Fri, Aug 14, 2026",4935,93,139,5,1,13,10,23,9,8,1,0,0
"Thu, Aug 13, 2026",22394,323,562,112,6,42,17,32,37,52,2,0,0
"Wed, Aug 12, 2026",27035,186,415,141,10,33,14,18,19,41,2,0,0
"Tue, Aug 11, 2026",16678,172,351,101,6,20,11,19,10,43,2,0,0
"Mon, Aug 10, 2026",6890,96,149,7,0,30,17,18,12,16,2,0,0
"Sun, Aug 9, 2026",3250,50,86,5,0,14,6,22,4,5,0,0,0
"Sat, Aug 8, 2026",2889,32,49,5,0,13,18,4,0,8,0,0,0
"Fri, Aug 7, 2026",2960,28,49,1,0,15,11,9,5,6,2,0,0
"Thu, Aug 6, 2026",5343,47,74,5,1,22,13,6,5,10,2,0,0
"Wed, Aug 5, 2026",5483,55,81,0,0,15,10,9,9,8,1,0,0
"Tue, Aug 4, 2026",9567,121,186,4,0,10,6,12,26,23,1,0,0
"Mon, Aug 3, 2026",4567,66,100,2,0,17,9,12,7,13,3,0,0
"Sun, Aug 2, 2026",3779,59,91,5,0,9,11,9,7,11,1,0,0
"Sat, Aug 1, 2026",4001,53,98,2,1,25,11,12,5,25,3,0,0
"Fri, Jul 31, 2026",8021,133,219,6,0,24,10,21,21,38,2,0,0
"Thu, Jul 30, 2026",3454,63,108,4,0,20,17,16,9,16,2,0,0
"Wed, Jul 29, 2026",1979,50,81,6,0,27,14,8,4,13,1,0,0
"Tue, Jul 28, 2026",4415,48,89,9,0,22,14,12,9,11,1,0,0
"Mon, Jul 27, 2026",4561,42,82,8,1,12,9,10,7,14,2,0,0
"Sun, Jul 26, 2026",3351,21,30,1,0,11,5,3,4,1,0,0,0
"Sat, Jul 25, 2026",4836,60,95,9,0,8,8,14,3,9,0,0,0
"Fri, Jul 24, 2026",4974,97,154,12,0,17,14,23,14,8,3,0,0
"Thu, Jul 23, 2026",5062,42,72,2,0,28,12,4,10,14,1,0,0
"Wed, Jul 22, 2026",10395,154,228,8,1,20,5,19,11,35,2,0,0
"Tue, Jul 21, 2026",11474,139,219,13,1,11,14,19,15,32,4,0,0
"Mon, Jul 20, 2026",6473,116,183,12,0,11,11,29,15,11,3,0,0
"Sun, Jul 19, 2026",10364,131,198,10,3,11,15,20,14,20,3,0,0
"Sat, Jul 18, 2026",10709,76,152,8,0,13,19,16,8,44,2,0,0
"Fri, Jul 17, 2026",4444,90,146,7,2,9,15,19,12,16,3,0,0
"Thu, Jul 16, 2026",7978,93,151,17,2,10,9,17,11,11,2,0,0
"Wed, Jul 15, 2026",12113,190,308,32,5,16,18,34,15,32,3,0,0
"Tue, Jul 14, 2026",11894,159,283,43,5,17,11,17,18,41,2,0,0
"Mon, Jul 13, 2026",14090,176,278,13,1,22,21,30,8,50,2,0,0
"Sun, Jul 12, 2026",7534,67,117,7,1,12,8,9,7,26,0,0,0
"Sat, Jul 11, 2026",7240,93,155,14,2,6,9,22,8,16,1,0,0
"Fri, Jul 10, 2026",6992,122,187,11,4,13,11,24,7,19,2,0,0
"Thu, Jul 9, 2026",6913,80,145,12,1,18,5,13,13,26,3,0,0
"Wed, Jul 8, 2026",38274,241,533,80,6,84,10,43,30,133,4,0,0
"Tue, Jul 7, 2026",57555,454,919,99,13,100,18,100,58,195,3,0,0
"Mon, Jul 6, 2026",16798,344,543,28,0,45,14,67,24,80,4,0,0
"Sun, Jul 5, 2026",3336,26,48,0,0,6,10,6,3,13,0,0,0
"Sat, Jul 4, 2026",7843,121,193,2,0,8,16,15,12,43,2,0,0
"Fri, Jul 3, 2026",3582,83,123,4,2,19,12,14,10,10,2,0,0
"Thu, Jul 2, 2026",5706,98,141,0,0,8,9,23,11,9,2,0,0
"Wed, Jul 1, 2026",6963,139,215,3,0,5,8,30,16,27,4,0,0
"Tue, Jun 30, 2026",2411,47,74,3,0,11,7,9,5,10,2,0,0
"Mon, Jun 29, 2026",1607,36,53,1,0,4,13,9,4,3,1,0,0
"Sun, Jun 28, 2026",2709,34,57,0,0,6,9,8,4,11,0,0,0
"Sat, Jun 27, 2026",792,9,17,0,0,10,7,5,0,3,1,0,0
"Fri, Jun 26, 2026",2576,42,66,2,0,21,8,9,9,4,2,0,0
"Thu, Jun 25, 2026",2358,35,80,2,0,18,12,11,9,23,1,0,0
"Wed, Jun 24, 2026",3211,43,67,2,0,9,12,6,5,11,1,0,0
"Tue, Jun 23, 2026",8297,161,269,3,1,30,12,31,14,59,2,0,0
"Mon, Jun 22, 2026",5345,93,148,2,1,17,14,12,16,24,4,0,0
"Sun, Jun 21, 2026",2171,21,41,3,0,6,3,4,4,9,1,0,0
"Sat, Jun 20, 2026",4343,59,87,2,0,10,10,9,5,12,3,0,0
"Fri, Jun 19, 2026",5689,97,154,1,1,13,11,22,13,20,3,0,0
"Thu, Jun 18, 2026",6499,76,113,5,0,7,14,19,6,7,4,0,0
"Wed, Jun 17, 2026",5192,68,122,4,1,12,16,21,11,17,4,0,0
"Tue, Jun 16, 2026",1743,33,60,5,0,9,3,13,2,7,1,0,0
"Mon, Jun 15, 2026",3284,55,88,6,0,4,7,10,6,11,2,0,0
"Sun, Jun 14, 2026",2525,28,52,3,2,9,10,6,8,5,1,0,0
"Sat, Jun 13, 2026",5533,79,125,6,2,10,8,17,3,18,3,0,0
"Fri, Jun 12, 2026",6422,84,133,5,1,13,4,17,12,14,4,0,0
"Thu, Jun 11, 2026",2643,75,122,4,0,18,9,19,11,13,3,0,0
"Wed, Jun 10, 2026",3668,72,110,10,2,9,12,10,10,6,2,0,0
"Tue, Jun 9, 2026",4622,112,139,1,0,8,12,12,3,11,1,0,0
"Mon, Jun 8, 2026",9273,186,273,5,1,16,15,28,16,37,3,0,0
"Sun, Jun 7, 2026",5195,77,137,3,2,12,6,20,7,28,0,0,0
"Sat, Jun 6, 2026",9016,177,282,0,0,16,17,51,2,52,1,0,0
"Fri, Jun 5, 2026",18850,652,914,3,2,27,12,132,11,114,1,0,0